{

  "notice_list": [
    {
      "id": "1",
      "title": "Notice 1",
      "brief": "Notice1 is the legal concept describing a requirement that a party be aware of legal process affecting their rights, obligations or duties.",
      "filesource": "http://mobotechnology.com/uploads/appnotice/est.pdf"
    },
    {
      "id": "2",
      "title": "Notice 2",
      "brief": "Notice2 is the legal concept describing a requirement that a party be aware of legal process affecting their rights, obligations or duties.",
      "filesource": "http://mobotechnology.com/uploads/appnotice/est.pdf"
    },
    {
      "id": "3",
      "title": "Notice 3",
      "brief": "Notice3 is the legal concept describing a requirement that a party be aware of legal process affecting their rights, obligations or duties.",
      "filesource": "http://mobotechnology.com/uploads/appnotice/est.pdf"
    }
  ]
}